"","x"
"1","
Dr. Stacey Phillpots
"
"2","
Dr. Haithem Rehan
"
"3","
Dr. Brenda Lyn Strandvik
"
"4","
Dr. Mohammad Asha
"
"5","
Dr. Mohamad Amine Zbeib
"
"6","
Dr. Jocelyn Pulvera
 "
"7","
Dr. Tarek Mansour
"
"8","
Dr. Osama Al Dulaimi
"
"9","
Dr. Abeer El Sayad
"
"10","
Dr. Mohamed Youssef
"
"11","
Dr. Fathi Abdalqader
"
"12","
Dr. Musa Allubbad
"
"13","
Dr. Aliaa Fatahalla Ibrahim
"
"14","
Dr. Antony George
"
"15","
Dr. Amina Hadjadj
"
"16","
Dr. Nisar C Abdulla
"
"17","
Dr. Sameer Kalandan
"
"18","
Dr. Kunhali N.P
"
"19","
Dr. Deepak Chandramohan
"
"20","
Dr. Samuel Vidhyasagar
"
