"","Doctor Name","Profile Link"
"1","Stacey Phillpots","https://www.meddy.co/Stacey-Phillpots"
"2","Haithem Rehan","https://www.meddy.co/Haithem-Rehan"
"3","Brenda Lyn Strandvik","https://www.meddy.co/Brenda-Lyn-Strandvik"
"4","Mohammad Asha","https://www.meddy.co/Mohammad-Asha"
"5","Mohamad Amine Zbeib","https://www.meddy.co/Mohamad-Amine-Zbeib"
"6","Jocelyn Pulvera ","https://www.meddy.co/Jocelyn-Pulvera-"
"7","Tarek Mansour","https://www.meddy.co/Tarek-Mansour"
"8","Osama Al Dulaimi","https://www.meddy.co/Osama-Al-Dulaimi"
"9","Abeer El Sayad","https://www.meddy.co/Abeer-El-Sayad"
"10","Mohamed Youssef","https://www.meddy.co/Mohamed-Youssef"
"11","Fathi Abdalqader","https://www.meddy.co/Fathi-Abdalqader"
"12","Musa Allubbad","https://www.meddy.co/Musa-Allubbad"
"13","Aliaa Fatahalla Ibrahim","https://www.meddy.co/Aliaa-Fatahalla-Ibrahim"
"14","Antony George","https://www.meddy.co/Antony-George"
"15","Amina Hadjadj","https://www.meddy.co/Amina-Hadjadj"
"16","Nisar C Abdulla","https://www.meddy.co/Nisar-C-Abdulla"
"17","Sameer Kalandan","https://www.meddy.co/Sameer-Kalandan"
"18","Kunhali N.P","https://www.meddy.co/Kunhali-N.P"
"19","Deepak Chandramohan","https://www.meddy.co/Deepak-Chandramohan"
"20","Samuel Vidhyasagar","https://www.meddy.co/Samuel-Vidhyasagar"
